record,model,response
0,claude,"Here is the SVG code to recreate the 400x400 px design:

<svg xmlns=""http://www.w3.org/2000/svg"" viewBox=""0 0 400 400"">
  <rect x=""0"" y=""0"" width=""200"" height=""400"" fill=""#8B0000""/>
  <rect x=""200"" y=""0"" width=""200"" height=""400"" fill=""#006400""/>
</svg>

This SVG uses two <rect> elements to draw the two colored rectangles:

- The first <rect> draws the red rectangle on the left half. It has an x coordinate of 0, y of 0, width of 200 (half the total width), height of 400 (full height), and fill color of #8B0000 which is a dark red.

- The second <rect> draws the green rectangle on the right half. It has an x of 200 (starting at the midpoint), y of 0, width of 200, height of 400, and fill color of #006400 which is a dark green.

The viewBox attribute defines the SVG viewport to match the 400x400 pixel dimensions. This simple SVG recreates the vertical split of dark red on the left and dark green on the right from the provided reference image."
0,gpt4,"To recreate the design using SVG, you can use a series of linear gradients. Here's the SVG code:

```xml
<svg width=""400"" height=""400"" xmlns=""http://www.w3.org/2000/svg"">
  <defs>
    <linearGradient id=""gradient1"" x1=""0%"" y1=""0%"" x2=""100%"" y2=""0%"">
      <stop offset=""0%"" style=""stop-color:#4A0A0A;stop-opacity:1"" />
      <stop offset=""25%"" style=""stop-color:#7A0A2A;stop-opacity:1"" />
    </linearGradient>
    <linearGradient id=""gradient2"" x1=""0%"" y1=""0%"" x2=""100%"" y2=""0%"">
      <stop offset=""25%"" style=""stop-color:#7A0A2A;stop-opacity:1"" />
      <stop offset=""50%"" style=""stop-color:#1A4A0A;stop-opacity:1"" />
    </linearGradient>
    <linearGradient id=""gradient3"" x1=""0%"" y1=""0%"" x2=""100%"" y2=""0%"">
      <stop offset=""50%"" style=""stop-color:#1A4A0A;stop-opacity:1"" />
      <stop offset=""75%"" style=""stop-color:#1A1A0A;stop-opacity:1"" />
    </linearGradient>
    <linearGradient id=""gradient4"" x1=""0%"" y1=""0%"" x2=""100%"" y2=""0%"">
      <stop offset=""75%"" style=""stop-color:#1A1A0A;stop-opacity:1"" />
      <stop offset=""100%"" style=""stop-color:#D0D0D0;stop-opacity:1"" />
    </linearGradient>
  </defs>
  <rect x=""0"" y=""0"" width=""100"" height=""400"" fill=""url(#gradient1)"" />
  <rect x=""100"" y=""0"" width=""100"" height=""400"" fill=""url(#gradient2)"" />
  <rect x=""200"" y=""0"" width=""100"" height=""400"" fill=""url(#gradient3)"" />
  <rect x=""300"" y=""0"" width=""100"" height=""400"" fill=""url(#gradient4)"" />
</svg>
```

This code creates a 400x400 SVG with four vertical gradients, each transitioning between two colors to match the design."
1,claude,"Here is the SVG code to recreate the 400x400 pixel gradient design:

<svg xmlns=""http://www.w3.org/2000/svg"" viewBox=""0 0 400 400"">
  <defs>
    <linearGradient id=""gradient"" x1=""0%"" y1=""0%"" x2=""0%"" y2=""100%"">
      <stop offset=""0%"" stop-color=""#ff0080""/>
      <stop offset=""20%"" stop-color=""#ff0080""/>
      <stop offset=""20%"" stop-color=""#ff8c00""/>
      <stop offset=""40%"" stop-color=""#ff8c00""/>
      <stop offset=""40%"" stop-color=""#ffff00""/>
      <stop offset=""60%"" stop-color=""#ffff00""/>
      <stop offset=""60%"" stop-color=""#00ff00""/>
      <stop offset=""80%"" stop-color=""#00ff00""/>
      <stop offset=""80%"" stop-color=""#80c0ff""/>
      <stop offset=""100%"" stop-color=""#80c0ff""/>
    </linearGradient>
  </defs>
  
  <rect x=""0"" y=""0"" width=""400"" height=""400"" fill=""url(#gradient)""/>
</svg>

The key aspects:

- Define a linear gradient that goes from top to bottom using the <linearGradient> element
- Use <stop> elements to define the color stops at 20% intervals 
- The offset attribute sets the position, stop-color sets the color
- Apply the gradient as the fill for a <rect> element that covers the entire 400x400 SVG canvas

This produces a vector graphic with the same banded rainbow gradient as in the provided raster image. The advantage is it will scale to any size without losing quality."
1,gpt4,"To recreate the design in SVG, you can use the following code. This code creates a series of horizontal rectangles with the specified colors:

```xml
<svg width=""400"" height=""400"" xmlns=""http://www.w3.org/2000/svg"">
  <rect width=""400"" height=""66.67"" fill=""red"" />
  <rect y=""66.67"" width=""400"" height=""66.67"" fill=""purple"" />
  <rect y=""133.34"" width=""400"" height=""66.67"" fill=""green"" />
  <rect y=""200.01"" width=""400"" height=""66.67"" fill=""white"" />
  <rect y=""266.68"" width=""400"" height=""133.32"" fill=""gray"" />
</svg>
```

This code divides the 400x400 canvas into five horizontal sections, each with a different color. Adjust the colors and positions as needed to match the design more precisely."
2,claude,"Here is the SVG code to recreate the 400x400 px gradient design:

<svg xmlns=""http://www.w3.org/2000/svg"" viewBox=""0 0 400 400"">
  <defs>
    <linearGradient id=""grad1"" x1=""0%"" y1=""0%"" x2=""0%"" y2=""100%"">
      <stop offset=""0%"" style=""stop-color:rgb(126,217,87);stop-opacity:1"" />
      <stop offset=""100%"" style=""stop-color:rgb(0,140,0);stop-opacity:1"" />
    </linearGradient>
  </defs>
  <rect width=""400"" height=""400"" fill=""url(#grad1)"" />
</svg>

The key aspects:

- Set the SVG viewBox to ""0 0 400 400"" to match the 400x400 px size
- Define a linear gradient that goes from top to bottom 
- The top color stop is rgb(126,217,87) - a light green
- The bottom color stop is rgb(0,140,0) - a darker green
- Fill the entire 400x400 rectangle with the defined gradient using fill=""url(#grad1)""

This produces a smooth vertical gradient from light green at the top to dark green at the bottom, matching the provided design. The SVG is resolution-independent and will scale cleanly to any size."
2,gpt4,"```xml
<svg width=""400"" height=""400"" xmlns=""http://www.w3.org/2000/svg"">
  <defs>
    <linearGradient id=""gradient1"" x1=""0"" y1=""0"" x2=""0"" y2=""1"">
      <stop offset=""0%"" style=""stop-color:rgb(144,238,144);stop-opacity:1"" />
      <stop offset=""50%"" style=""stop-color:rgb(240,255,240);stop-opacity:1"" />
    </linearGradient>
    <linearGradient id=""gradient2"" x1=""0"" y1=""0"" x2=""0"" y2=""1"">
      <stop offset=""0%"" style=""stop-color:rgb(144,238,144);stop-opacity:1"" />
      <stop offset=""100%"" style=""stop-color:rgb(255,105,180);stop-opacity:1"" />
    </linearGradient>
  </defs>
  <rect x=""0"" y=""0"" width=""400"" height=""200"" fill=""url(#gradient1)"" />
  <rect x=""0"" y=""200"" width=""400"" height=""200"" fill=""url(#gradient2)"" />
</svg>
```"
3,claude,"Here is the SVG code to recreate the 400x400 pixel design:

<svg xmlns=""http://www.w3.org/2000/svg"" viewBox=""0 0 400 400"">
  <defs>
    <linearGradient id=""grad1"" x1=""0%"" y1=""0%"" x2=""0%"" y2=""100%"">
      <stop offset=""0%"" style=""stop-color:rgb(135,206,235);stop-opacity:1"" />
      <stop offset=""100%"" style=""stop-color:rgb(240,248,255);stop-opacity:1"" />
    </linearGradient>
  </defs>
  
  <rect width=""400"" height=""400"" fill=""url(#grad1)"" />
  
  <path fill=""none"" stroke=""#A52A2A"" stroke-width=""2"" d=""M200,50 Q100,200 200,350 Q300,200 200,50"" />
  
</svg>

The key aspects:

1. The viewBox is set to ""0 0 400 400"" to match the 400x400 pixel size.

2. A linear gradient is defined that transitions from a light sky blue at the top to a very light blue at the bottom. This is applied as the fill for the background rectangle.

3. The curved line is drawn using a <path> element. It uses quadratic BÃ©zier curves (Q) to create the S-shape. The stroke is set to a brown color (#A52A2A) with a width of 2 pixels.

This produces a vector graphic that matches the original reference image. The SVG can scale to different sizes without losing quality since it describes the shapes mathematically rather than using a raster pixel image."
3,gpt4,"Certainly! Below is the SVG code to recreate the design:

```xml
<svg width=""400"" height=""400"" xmlns=""http://www.w3.org/2000/svg"">
  <defs>
    <linearGradient id=""skyGradient"" x1=""0"" y1=""0"" x2=""0"" y2=""1"">
      <stop offset=""0%"" style=""stop-color:rgb(173,216,230);stop-opacity:1"" />
      <stop offset=""50%"" style=""stop-color:rgb(221,160,221);stop-opacity:1"" />
      <stop offset=""100%"" style=""stop-color:rgb(255,228,225);stop-opacity:1"" />
    </linearGradient>
    <linearGradient id=""groundGradient"" x1=""0"" y1=""0"" x2=""0"" y2=""1"">
      <stop offset=""0%"" style=""stop-color:rgb(139,69,19);stop-opacity:1"" />
      <stop offset=""100%"" style=""stop-color:rgb(160,82,45);stop-opacity:1"" />
    </linearGradient>
  </defs>
  <rect x=""0"" y=""0"" width=""400"" height=""200"" fill=""url(#skyGradient)"" />
  <rect x=""0"" y=""200"" width=""400"" height=""200"" fill=""url(#groundGradient)"" />
</svg>
```

This code creates a 400x400 SVG with a gradient sky and ground similar to the design you provided."
4,claude,"Here is the SVG code to recreate the 400x400 px gradient design:

<svg xmlns=""http://www.w3.org/2000/svg"" viewBox=""0 0 400 400"">
  <defs>
    <linearGradient id=""grad1"" x1=""0%"" y1=""0%"" x2=""100%"" y2=""0%"">
      <stop offset=""0%"" style=""stop-color:#00FF00;stop-opacity:1"" />
      <stop offset=""50%"" style=""stop-color:#FFFF00;stop-opacity:1"" />
      <stop offset=""100%"" style=""stop-color:#FF0000;stop-opacity:1"" />
    </linearGradient>
  </defs>
  <rect width=""400"" height=""400"" fill=""url(#grad1)"" />
</svg>

The key aspects:

- Set the SVG viewBox to 0 0 400 400 to match the 400x400 px size
- Define a linear gradient with id ""grad1"" that goes horizontally from left to right (x1=""0%"" y1=""0%"" x2=""100%"" y2=""0%"")
- Add color stops at 0%, 50%, and 100% for green, yellow, and red respectively 
- Draw a rectangle that fills the entire 400x400 area and reference the ""grad1"" gradient as its fill color

This produces a vector graphic with a smooth gradient transitioning from green on the left to yellow in the middle to red on the right, matching the provided design. The SVG will scale without losing quality."
4,gpt4,"```xml
<svg width=""400"" height=""400"" xmlns=""http://www.w3.org/2000/svg"">
  <defs>
    <linearGradient id=""gradient"" x1=""0%"" y1=""0%"" x2=""100%"" y2=""100%"">
      <stop offset=""0%"" style=""stop-color:rgb(128,0,128);stop-opacity:1"" />
      <stop offset=""25%"" style=""stop-color:rgb(255,228,181);stop-opacity:1"" />
      <stop offset=""50%"" style=""stop-color:rgb(64,224,208);stop-opacity:1"" />
      <stop offset=""100%"" style=""stop-color:rgb(0,128,128);stop-opacity:1"" />
    </linearGradient>
  </defs>
  <rect width=""400"" height=""400"" fill=""url(#gradient)"" />
</svg>
```"
5,claude,"Here is the SVG code to recreate the 400x400 px design:

<svg xmlns=""http://www.w3.org/2000/svg"" viewBox=""0 0 400 400"">
  <defs>
    <linearGradient id=""grad1"" x1=""0%"" y1=""0%"" x2=""100%"" y2=""0%"">
      <stop offset=""0%"" style=""stop-color:#FF0080;stop-opacity:1"" />
      <stop offset=""100%"" style=""stop-color:#FF8C00;stop-opacity:1"" />
    </linearGradient>
  </defs>
  
  <rect width=""400"" height=""400"" fill=""url(#grad1)"" />
</svg>

This SVG code does the following:

1. Defines the SVG viewport with a viewBox attribute set to ""0 0 400 400"", matching the 400x400 px size.

2. Creates a <defs> section to define a linear gradient with the id ""grad1"". The gradient goes from left to right (x1=""0%"" to x2=""100%"") and uses the stop colors #FF0080 (pink) and #FF8C00 (orange). 

3. Draws a <rect> element that fills the entire 400x400 viewport. The fill attribute is set to ""url(#grad1)"" to apply the linear gradient as the rectangle's fill color.

This produces a 400x400 px SVG with a smooth linear gradient transitioning from pink on the left to orange on the right, recreating the design in the provided image."
5,gpt4,"Here is the SVG code to recreate the 400 x 400 px design with the given color:

```xml
<svg width=""400"" height=""400"" xmlns=""http://www.w3.org/2000/svg"">
  <rect width=""400"" height=""400"" fill=""#A98AA5"" />
</svg>
```

This code creates a square with the specified dimensions and color."
6,claude,"Here is the SVG code to recreate the 400x400 px design:

<svg xmlns=""http://www.w3.org/2000/svg"" viewBox=""0 0 400 400"">
  <rect width=""400"" height=""400"" fill=""#008000""/>
  <path d=""M200,160 a40,40 0 0,1 0,80 a40,40 0 0,1 0,-80 m0,20 a20,20 0 0,0 0,40 a20,20 0 0,0 0,-40 m-60,-60 h120 m-120,20 h120 m-120,20 h120 m-60,60 v40"" stroke=""#FFFFFF"" stroke-width=""12"" fill=""none""/>
</svg>

This breaks down as:
- A green background rectangle filling the 400x400 viewBox
- A white path consisting of:
    - Two concentric circles for the sun shape, using the SVG arc commands
    - Three horizontal lines for the horizon using the line command
    - A vertical line extending down from the sun using the line command
- The stroke color is set to white (#FFFFFF) and a stroke width of 12 is used for the path
- The fill is set to none so the path is not filled in

The key is using the SVG arc commands to efficiently draw the sun circles, and the line commands for the simple horizon and vertical line. This keeps the code compact while recreating the minimalist design accurately."
6,gpt4,"```xml
<svg width=""400"" height=""400"" xmlns=""http://www.w3.org/2000/svg"">
  <!-- Background -->
  <rect width=""400"" height=""400"" fill=""#009444"" />

  <!-- Sun icon -->
  <circle cx=""60"" cy=""340"" r=""20"" fill=""none"" stroke=""#F2E8C9"" stroke-width=""4"" />
  <line x1=""40"" y1=""340"" x2=""80"" y2=""340"" stroke=""#F2E8C9"" stroke-width=""4"" />
  <line x1=""60"" y1=""320"" x2=""60"" y2=""300"" stroke=""#F2E8C9"" stroke-width=""4"" />
  <line x1=""45"" y1=""325"" x2=""35"" y2=""315"" stroke=""#F2E8C9"" stroke-width=""4"" />
  <line x1=""75"" y1=""325"" x2=""85"" y2=""315"" stroke=""#F2E8C9"" stroke-width=""4"" />

  <!-- Music note icon -->
  <path d=""M340 340 Q340 320 360 320 L360 360 Q360 380 340 380 Z"" fill=""none"" stroke=""#F2E8C9"" stroke-width=""4"" />
  <circle cx=""340"" cy=""380"" r=""10"" fill=""none"" stroke=""#F2E8C9"" stroke-width=""4"" />
</svg>
```"
7,claude,"Here is the SVG code to recreate the 400x400 px design:

<svg xmlns=""http://www.w3.org/2000/svg"" viewBox=""0 0 400 400"">
  <rect width=""400"" height=""400"" fill=""#000""/>
  <circle cx=""200"" cy=""200"" r=""150"" fill=""#1E90FF""/>
</svg>

This SVG consists of:
1. A black <rect> element that fills the entire 400x400 px canvas
2. A blue <circle> element centered at (200,200) with a radius of 150 px

The viewBox attribute allows the SVG to scale to any size while maintaining its aspect ratio. The circle uses the hex color code #1E90FF which is the standard ""dodger blue"" color that matches the shade of blue in the provided image."
7,gpt4,"Here's the SVG code to recreate the design:

```xml
<svg width=""400"" height=""400"" xmlns=""http://www.w3.org/2000/svg"">
  <rect width=""400"" height=""400"" fill=""#1A1D1A""/>
  <circle cx=""50"" cy=""200"" r=""50"" fill=""#1E5AA8"" stroke=""#C7E9F1"" stroke-width=""2""/>
  <circle cx=""50"" cy=""180"" r=""3"" fill=""#1A1D1A""/>
  <circle cx=""50"" cy=""200"" r=""3"" fill=""#1A1D1A""/>
  <circle cx=""50"" cy=""220"" r=""3"" fill=""#1A1D1A""/>
</svg>
```

This code creates a 400x400 pixel SVG with a dark background, a blue circle with a light blue stroke, and three small black circles inside."
8,claude,"Here is the SVG code to recreate the 400x400 pixel design:

<svg xmlns=""http://www.w3.org/2000/svg"" viewBox=""0 0 400 400"">
  <rect width=""400"" height=""400"" fill=""#87ceeb""/>
  
  <text x=""50%"" y=""50%"" dominant-baseline=""middle"" text-anchor=""middle"" font-family=""sans-serif"" font-size=""24px"" fill=""#ff0000"">
    Idgaf because we moved baby! Love, Alyssarose.
  </text>
</svg>

This SVG does the following:

1. Defines the SVG viewport to be 400x400 pixels using the viewBox attribute.

2. Draws a light blue background rectangle that fills the entire 400x400 area.

3. Adds the red text centered both horizontally and vertically in the middle of the SVG. 
   - The x and y coordinates are set to 50% to center the text
   - dominant-baseline and text-anchor are used to center vertically and horizontally 
   - font-family, font-size and fill set the text styling

The text content and colors match what is shown in the provided reference image. The SVG is a faithful vector recreation of the original 400x400 pixel raster design."
8,gpt4,"```xml
<svg width=""400"" height=""400"" xmlns=""http://www.w3.org/2000/svg"">
  <!-- Background -->
  <rect width=""400"" height=""400"" fill=""#d0f0f0"" />
  
  <!-- Text -->
  <text x=""50%"" y=""50"" font-family=""Arial"" font-size=""12"" fill=""#f08080"" text-anchor=""middle"">
    fidget binomid, eve riverine factory Lamb, Atwater atlas.
  </text>
</svg>
```"
9,claude,"Here is the SVG code to recreate the 400x400 pixel design:

<svg xmlns=""http://www.w3.org/2000/svg"" viewBox=""0 0 400 400"">
  <defs>
    <linearGradient id=""gradient"" x1=""0%"" y1=""0%"" x2=""0%"" y2=""100%"">
      <stop offset=""0%"" stop-color=""#00ffff""/>
      <stop offset=""100%"" stop-color=""#0080ff""/>
    </linearGradient>
  </defs>
  
  <rect x=""0"" y=""0"" width=""400"" height=""400"" fill=""url(#gradient)""/>
  
  <text x=""50%"" y=""45%"" text-anchor=""middle"" font-family=""Arial, sans-serif"" font-size=""28"" font-weight=""bold"" fill=""#cc0000"">
    Der Mesa Tagging?
  </text>
  
  <text x=""50%"" y=""55%"" text-anchor=""middle"" font-family=""Arial, sans-serif"" font-size=""14"" fill=""#cc0000"">
    a @wearadamshojiconnect foursome excoriates!
  </text>
</svg>

The key aspects:

1. The background gradient is defined using a <linearGradient> in the <defs> section, going from cyan at the top to a medium blue at the bottom.

2. A <rect> element is used to draw the background rectangle, filled with the gradient using the fill=""url(#gradient)"" attribute. 

3. The text is added using two <text> elements, with the main text larger and bold. 

4. The text is centered horizontally using text-anchor=""middle"" and positioned vertically using the y attribute set to 45% and 55% of the height.

5. The text color is set to #cc0000 red using the fill attribute.

Let me know if you have any other questions!"
9,gpt4,"```xml
<svg width=""400"" height=""400"" xmlns=""http://www.w3.org/2000/svg"">
  <!-- Background Gradient -->
  <defs>
    <linearGradient id=""grad1"" x1=""0%"" y1=""0%"" x2=""100%"" y2=""100%"">
      <stop offset=""0%"" style=""stop-color:rgb(255,0,0);stop-opacity:1"" />
      <stop offset=""100%"" style=""stop-color:rgb(173,216,230);stop-opacity:1"" />
    </linearGradient>
  </defs>
  <rect width=""400"" height=""400"" fill=""url(#grad1)"" />

  <!-- Text -->
  <text x=""20"" y=""60"" font-family=""Arial"" font-size=""36"" fill=""rgb(51,51,51)"">
    Ncr Mesa Tagging?
  </text>
  <text x=""20"" y=""100"" font-family=""Arial"" font-size=""16"" fill=""rgb(102,102,102)"">
    sumner adorn shoji connect foursome
  </text>
  <text x=""20"" y=""120"" font-family=""Arial"" font-size=""16"" fill=""rgb(102,102,102)"">
    excoriate!
  </text>
</svg>
```"
10,claude,"Here is the SVG code to recreate the 400x400 pixel design:

<svg xmlns=""http://www.w3.org/2000/svg"" viewBox=""0 0 400 400"">
  <rect width=""400"" height=""400"" fill=""#b3ffb3""/>
  
  <circle cx=""200"" cy=""200"" r=""150"" fill=""white"" stroke=""#b3ffb3"" stroke-width=""10""/>
  
  <circle cx=""200"" cy=""200"" r=""100"" fill=""#b3ffb3""/>
  
  <image href=""dancing_couple_silhouette.png"" x=""125"" y=""125"" height=""150px"" width=""150px""/>
</svg>

And here's a breakdown of the code:

1. The outermost <svg> element defines the SVG viewport dimensions of 400x400 pixels.

2. The first <rect> element draws the light green background rectangle filling the entire 400x400 area. 

3. The first <circle> element draws the large white circle, centered at (200,200) with a radius of 150. It has a light green stroke outline.

4. The second <circle> draws the smaller light green circle inside, also centered at (200,200) with a radius of 100.

5. Finally, the <image> element places the silhouette PNG image of the dancing couple in the center, sized to 150x150 pixels.

Note: For the <image> you'll need to replace ""dancing_couple_silhouette.png"" with the actual filename or URL path to the silhouette image asset. The silhouette itself will need to be provided separately, as SVG code alone cannot generate that complex shape.

Let me know if you have any other questions!"
10,gpt4,"To recreate the design using SVG, you can use the following code. This code creates a 400x400 pixel canvas with a light green background and a circular image with a border.

```xml
<svg width=""400"" height=""400"" xmlns=""http://www.w3.org/2000/svg"">
  <!-- Background -->
  <rect width=""400"" height=""400"" fill=""#b2e8d5"" />

  <!-- Circular Image with Border -->
  <defs>
    <clipPath id=""circleClip"">
      <circle cx=""200"" cy=""100"" r=""50"" />
    </clipPath>
  </defs>

  <circle cx=""200"" cy=""100"" r=""52"" fill=""none"" stroke=""#8fc1b5"" stroke-width=""4"" />
  
  <image 
    href=""https://via.placeholder.com/100"" 
    x=""150"" 
    y=""50"" 
    width=""100"" 
    height=""100"" 
    clip-path=""url(#circleClip)"" 
  />
</svg>
```

Replace the `href` attribute in the `<image>` tag with the URL of the image you want to use. The current URL is a placeholder."
11,claude,"Here is the SVG code to recreate the 400x400 px design:

<svg xmlns=""http://www.w3.org/2000/svg"" viewBox=""0 0 400 400"">
  
  <defs>
    <linearGradient id=""grad1"" x1=""0%"" y1=""0%"" x2=""100%"" y2=""0%"">
      <stop offset=""0%"" style=""stop-color:#D1D1D1;stop-opacity:1"" />
      <stop offset=""100%"" style=""stop-color:#858585;stop-opacity:1"" />
    </linearGradient>
  </defs>
  
  <rect x=""0"" y=""0"" width=""400"" height=""400"" fill=""url(#grad1)"" />
  
  <line x1=""0"" y1=""200"" x2=""400"" y2=""200"" stroke=""#B3B3B3"" stroke-width=""1"" />
  
</svg>

The key aspects:

1. The viewBox is set to ""0 0 400 400"" to match the 400x400 px size.

2. A <defs> section is used to define a horizontal linear gradient that transitions from a light gray (#D1D1D1) to a darker gray (#858585). 

3. A <rect> element filled with the linear gradient is used for the background rectangle that fills the entire 400x400 area.

4. A horizontal <line> is drawn at the vertical midpoint (y=200) from left to right, with a light gray stroke color (#B3B3B3).

This produces an SVG that closely matches the simple grayscale design in the provided image. Let me know if you have any other questions!"
11,gpt4,"```xml
<svg width=""400"" height=""400"" xmlns=""http://www.w3.org/2000/svg"">
  <rect width=""400"" height=""400"" fill=""#e3b6c1""/>
  <line x1=""0"" y1=""200"" x2=""200"" y2=""0"" stroke=""#8b7373"" stroke-width=""1""/>
</svg>
```"
12,claude,"Here is the SVG code to recreate the 400x400 pixel design:

<svg xmlns=""http://www.w3.org/2000/svg"" viewBox=""0 0 400 400"">
  <rect width=""400"" height=""400"" fill=""#000""/>
  
  <rect x=""100"" y=""100"" width=""200"" height=""200"" fill=""#0f0"" stroke=""#0c0"" stroke-width=""4""/>
  
  <circle cx=""200"" cy=""200"" r=""60"" fill=""#ff0"" stroke=""#cc0"" stroke-width=""4""/>
  
  <rect x=""185"" y=""185"" width=""30"" height=""30"" fill=""#f00"" stroke=""#c00"" stroke-width=""2""/>
</svg>

This SVG contains:
- A black 400x400 background rectangle
- A 200x200 green square centered in the middle with a darker green outline
- A yellow circle with radius 60 centered in the middle with a darker yellow outline  
- A small 30x30 red square in the center with a darker red outline

The shapes are layered in the order listed to match the original image. The fill colors, stroke colors and stroke widths are approximated to recreate the look of the original as closely as possible in SVG."
12,gpt4,"To recreate the design in SVG, you can use the following code. This code includes a background color and an embedded image with a rounded rectangle behind it.

```xml
<svg width=""400"" height=""400"" xmlns=""http://www.w3.org/2000/svg"">
  <!-- Background -->
  <rect width=""400"" height=""400"" fill=""#5e4752"" />

  <!-- Rounded rectangle -->
  <rect x=""50"" y=""50"" width=""100"" height=""150"" rx=""10"" ry=""10"" fill=""#3b3b1f"" />

  <!-- Embedded image -->
  <image x=""55"" y=""55"" width=""90"" height=""140"" href=""data:image/jpeg;base64,/9j/4AAQSkZJRgABAQEAAAAAAAD/4QAuRXhpZgAATU0AKgAAAAgAAkAAAAMAAAABAAEAAEAAAwAAAAEAAUAAEABAAEAAAABAAEAAEABAAEAAAABAAEAAEABAAEAAAABAAEAAEABAAEAAAABAAEAAEABAAEAAAABAAEAAEABAAEAAAABAAEAAEABAAEAAAABAAEAAEABAAEAAAABAAEAAEABAAEAAAABAAEAAEABAAEAAAABAAEAAEABAAEAAAABAAEAAEABAAEAAAABAAEAAEABAAEAAAABAAEAAEABAAEAAAABAAEAAEABAAEAAAABAAEAAEABAAEAAAABAAEAAEABAAEAAAABAAEAAEABAAEAAAABAAEAAEABAAEAAAABAAEAAEABAAEAAAABAAEAAEABAAEAAAABAAEAAEABAAEAAAABAAEAAEABAAEAAAABAAEAAEABAAEAAAABAAEAAEABAAEAAAABAAEAAEABAAEAAAABAAEAAEABAAEAAAABAAEAAEABAAEAAAABAAEAAEABAAEAAAABAAEAAEABAAEAAAABAAEAAEABAAEAAAABAAEAAEABAAEAAAABAAEAAEABAAEAAAABAAEAAEABAAEAAAABAAEAAEABAAEAAAABAAEAAEABAAEAAAABAAEAAEABAAEAAAABAAEAAEABAAEAAAABAAEAAEABAAEAAAABAAEAAEABAAEAAAABAAEAAEABAAEAAAABAAEAAEABAAEAAAABAAEAAEABAAEAAAABAAEAAEABAAEAAAABAAEAAEABAAEAAAABAAEAAEABAAEAAAABAAEAAEABAAEAAAABAAEAAEABAAEAAAABAAEAAEABAAEAAAABAAEAAEABAAEAAAABAAEAAEABAAEAAAABAAEAAEABAAEAAAABAAEAAEABAAEAAAABAAEAAEABAAEAAAABAAEAAEABAAEAAAABAAEAAEABAAEAAAABAAEAAEABAAEAAAABAAEAAEABAAEAAAABAAEAAEABAAEAAAABAAEAAEABAAEAAAABAAEAAEABAAEAAAABAAEAAEABAAEAAAABAAEAAEABAAEAAAABAAEAAEABAAEAAAABAAEAAEABAAEAAAABAAEAAEABAAEAAAABAAEAAEABAAEAAAABAAEAAEABAAEAAAABAAEAAEABAAEAAAABAAEAAEABAAEAAAABAAEAAEABAAEAAAABAAEAAEABAAEAAAABAAEAAEABAAEAAAABAAEAAEABAAEAAAABAAEAAEABAAEAAAABAAEAAEABAAEAAAABAAEAAEABAAEAAAABAAEAAEABAAEAAAABAAEAAEABAAEAAAABAAEAAEABAAEAAAABAAEAAEABAAEAAAABAAEAAEABAAEAAAABAAEAAEABAAEAAAABAAEAAEABAAEAAAABAAEAAEABAAEAAAABAAEAAEABAAEAAAABAAEAAEABAAEAAAABAAEAAEABAAEAAAABAAEAAEABAAEAAAABAAEAAEABAAEAAAABAAEAAEABAAEAAAABAAEAAEABAAEAAAABAAEAAEABAAEAAAABAAEAAEABAAEAAAABAAEAAEABAAEAAAABAAEAAEABAAEAAAABAAEAAEABAAEAAAABAAEAAEABAAEAAAABAAEAAEABAAEAAAABAAEAAEABAAEAAAABAAEAAEABAAEAAAABAAEAAEABAAEAAAABAAEAAEABAAEAAAABAAEAAEABAAEAAAABAAEAAEABAAEAAAABAAEAAEABAAEAAAABAAEAAEABAAEAAAABAAEAAEABAAEAAAABAAEAAEABAAEAAAABAAEAAEABAAEAAAABAAEAAEABAAEAAAABAAEAAEABAAEAAAABAAEAAEABAAEAAAABAAEAAEABAAEAAAABAAEAAEABAAEAAAABAAEAAEABAAEAAAABAAEAAEABAAEAAAABAAEAAEABAAEAAAABAAEAAEABAAEAAAABAAEAAEABAAEAAAABAAEAAEABAAEAAAABAAEAAEABAAEAAAABAAEAAEABAAEAAAABAAEAAEABAAEAAAABAAEAAEABAAEAAAABAAEAAEABAAEAAAABAAEAAEABAAEAAAABAAEAAEABAAEAAAABAAEAAEABAAEAAAABAAEAAEABAAEAAAABAAEAAEABAAEAAAABAAEAAEABAAEAAAABAAEAAEABAAEAAAABAAEAAEABAAEAAAABAAEAAEABAAEAAAABAAEAAEABAAEAAAABAAEAAEABAAEAAAABAAEAAEABAAEAAAABAAEAAEABAAEAAAABAAEAAEABAAEAAAABAAEAAEABAAEAAAABAAEAAEABAAEAAAABAAEAAEABAAEAAAABAAEAAEABAAEAAAABAAEAAEABAAEAAAABAAEAAEABAAEAAAABAAEAAEABAAEAAAABAAEAAEABAAEAAAABAAEAAEABAAEAAAABAAEAAEABAAEAAAABAAEAAEABAAEAAAABAAEAAEABAAEAAAABAAEAAEABAAEAAAABAAEAAEABAAEAAAABAAEAAEABAAEAAAABAAEAAEABAAEAAAABAAEAAEABAAEAAAABAAEAAEABAAEAAAABAAEAAEABAAEAAAABAAEAAEABAAEAAAABAAEAAEABAAEAAAABAAEAAEABAAEAAAABAAEAAEABAAEAAAABAAEAAEABAAEAAAABAAEAAEABAAEAAAABAAEAAEABAAEAAAABAAEAAEABAAEAAAABAAEAAEABAAEAAAABAAEAAEABAAEAAAABAAEAAEABAAEAAAABAAEAAEABAAEAAAABAAEAAEABAAEAAAABAAEAAEABAAEAAAABAAEAAEABAAEAAAABAAEAAEABAAEAAAABAAEAAEABAAEAAAABAAEAAEABAAEAAAABAAEAAEABAAEAAAABAAEAAEABAAEAAAABAAEAAEABAAEAAAABAAEAAEABAAEAAAABAAEAAEABAAEAAAABAAEAAEABAAEAAAABAAEAAEABAAEAAAABAAEAAEABAAEAAAABAAEAAEABAAEAAAABAAEAAEABAAEAAAABAAEAAEABAAEAAAABAAEAAEABAAEAAAABAAEAAEABAAEAAAABAAEAAEABAAEAAAABAAEAAEABAAEAAAABAAEAAEABAAEAAAABAAEAAEABAAEAAAABAAEAAEABAAEAAAABAAEAAEABAAEAAAABAAEAAEABAAEAAAABAAEAAEABAAEAAAABAAEAAEABAAEAAAABAAEAAEABAAEAAAABAAEAAEABAAEAAAABAAEAAEABAAEAAAABAAEAAEABAAEAAAABAAEAAEABAAEAAAABAAEAAEABAAEAAAABAAEAAEABAAEAAAABAAEAAEABAAEAAAABAAEAAEABAAEAAAABAAEAAEABAAEAAAABAAEAAEABAAEAAAABAAEAAEABAAEAAAABAAEAAEABAAEAAAABAAEAAEABAAEAAAABAAEAAEABAAEAAAABAAEAAEABAAEAAAABAAEAAEABAAEAAAABAAEAAEABAAEAAAABAAEAAEABAAEAAAABAAEAAEABAAEAAAABAAEAAEABAAEAAAABAAEAAEABAAEAAAABAAEAAEABAAEAAAABAAEAAEABAAEAAAABAAEAAEABAAEAAAABAAEAAEABAAEAAAABAAEAAEABAAEAAAABAAEAAEABAAEAAAABAAEAAEABAAEAAAABAAEAAEABAAEAAAABAAEAAEABAAEAAAABAAEAAEABAAEAAAABAAEAAEABAAEAAAABAAEAAEABAAEAAAABAAEAAEABAAEAAAABAAEAAEABAAEAAAABAAEAAEABAAEAAAABAAEAAEABAAEAAAABAAEAAEABAAEAAAABAAEAAEABAAEAAAABAAEAAEABAAEAAAABAAEAAEABAAEAAAABAAEAAEABAAEAAAABAAEAAEABAAEAAAABAAEAAEABAAEAAAABAAEAAEABAAEAAAABAAEAAEABAAEAAAABAAEAAEABAAEAAAABAAEAAEABAAEAAAABAAEAAEABAAEAAAABAAEAAEABAAEAAAABAAEAAEABAAEAAAABAAEAAEABAAEAAAABAAEAAEABAAEAAAABAAEAAEABAAEAAAABAAEAAEABAAEAAAABAAEAAEABAAEAAAABAAEAAEABAAEAAAABAAEAAEABAAEAAAABAAEAAEABAAEAAAABAAEAAEABAAEAAAABAAEAAEABAAEAAAABAAEAAEABAAEAAAABAAEAAEABAAEAAAABAAEAAEABAAEAAAABAAEAAEABAAEAAAABAAEAAEABAAEAAAABAAEAAEABAAEAAAABAAEAAEABAAEAAAABAAEAAEABAAEAAAABAAEAAEABAAEAAAABAAEAAEABAAEAAAABAAEAAEABAAEAAAABAAEAAEABAAEAAAABAAEAAEABAAEAAAABAAEAAEABAAEAAAABAAEAAEABAAEAAAABAAEAAEABAAEAAAABAAEAAEABAAEAAAABAAEAAEABAAEAAAABAAEAAEABAAEAAAABAAEAAEABAAEAAAABAAEAAEABAAEAAAABAAEAAEABAAEAAAABAAEAAEABAAEAAAABAAEAAEABAAEAAAABAAEAAEABAAEAAAABAAEAAEABAAEAAAABAAEAAEABAAEAAAABAAEAAEABAAEAAAABAAEAAEABAAEAAAABAAEAAEABAAEAAAABAAEAAEABAAEAAAABAAEAAEABAAEAAAABAAEAAEABAAEAAAABAAEAAEABAAEAAAABAAEAAEABAAEAAAABAAEAAEABAAEAAAABAAEAAEABAAEAAAABAAEAAEABAAEAAAABAAEAAEABAAEAAAABAAEAAEABAAEAAAABAAEAAEABAAEAAAABAAEAAEABAAEAAAABAAEAAEABAAEAAAABAAEAAEABAAEAAAABAAEAAEABAAEAAAABAAEAAEABAAEAAAABAAEAAEABAAEAAAABAAEAAEABAAEAAAABAAEAAEABAAEAAAABAAEAAEABAAEAAAABAAEAAEABAAEAAAABAAEAAEABAAEAAAABAAEAAEABAAEAAAABAAEAAEABAAEAAAABAAEAAEABAAEAAAABAAEAAEABAAEAAAABAAEAAEABAAEAAAABAAEAAEABAAEAAAABAAEAAEABAAEAAAABAAEAAEABAAEAAAABAAEAAEABAAEAAAABAAEAAEABAAEAAAABAAEAAEABAAEAAAABAAEAAEABAAEAAAABAAEAAEABAAEAAAABAAEAAEABAAEAAAABAAEAAEABAAEAAAABAAEAAEABAAEAAAABAAEAAEABAAEAAAABAAEAAEABAAEAAAABAAEAAEABAAEAAAABAAEAAEABAAEAAAABAAEAAEABAAEAAAABAAEAAEABAAEAAAABAAEAAEABAAEAAAABAAEAAEABAAEAAAABAAEAAEABAAEAAAABAAEAAEABAAEAAAABAAEAAEABAAEAAAABAAEAAEABAAEAAAABAAEAAEABAAEAAAABAAEAAEABAAEAAAABAAEAAEABAAEAAAABAAEAAEABAAEAAAABAAEAAEABAAEAAAABAAEAAEABAAEAAAABAAEAAEABAAEAAAABAAEAAEABAAEAAAABAAEAAEABAAEAAAABAAEAAEABAAEAAAABAAEAAEABAAEAAAABAAEAAEABAAEAAAABAAEAAEABAAEAAAABAAEAAEABAAEAAAABAAEAAEABAAEAAAABAAEAAEABAAEAAAABAAEAAEABAAEAAAABAAEAAEABAAEAAAABAAEAAEABAAEAAAABAAEAAEABAAEAAAABAAEAAEABAAEAAAABAAEAAEABAAEAAAABAAEAAEABAAEAAAABAAEAAEABAAEAAAABAAEAAEABAAEAAAABAAEAAEABAAEAAAABAAEAAEABAAEAAAABAAEAAEABAAEAAAABAAEAAEABAAEAAAABAAEAAEABAAEAAAABAAEAAEABAAEAAAABAAEAAEABAAEAAAABAAEAAEABAAEAAAABAAEAAEABAAEAAAABAAEAAEABAAEAAAABAAEAAEABAAEAAAABAAEAAEABAAEAAAABAAEAAEABAAEAAAABAAEAAEABAAEAAAABAAEAAEABAAEAAAABAAEAAEABAAEAAAABAAEAAEABAAEAAAABAAEAAEABAAEAAAABAAEAAEABAAEAAAABAAEAAEABAAEAAAABAAEAAEABAAEAAAABAAEAAEABAAEAAAABAAEAAEABAAEAAAABAAEAAEABAAEAAAABAAEAAEABAAEAAAABAAEAAEABAAEAAAABAAEAAEABAAEAAAABAAEAAEABAAEAAAABAAEAAEABAAEAAAABAAEAAEABAAEAAAABAAEAAEABAAEAAAABAAEAAEABAAEAAAABAAEAAEABAAEAAAABAAEAAEABAAEAAAABAAEAAEABAAEAAAABAAEAAEABAAEAAAABAAEAAEABAAEAAAABAAEAAEABAAEAAAABAAEAAEABAAEAAAABAAEAAEABAAEAAAABAAEAAEABAAEAAAABAAEAAEABAAEAAAABAAEAAEABAAEAAAABAAEAAEABAAEAAAABAAEAAEABAAEAAAABAAEAAEABAAEAAAABAAEAAEABAAEAAAABAAEAAEABAAEAAAABAAEAAEABAAEAAAABAAEAAEABAAEAAAABAAEAAEABAAEAAAABAAEAAEABAAEAAAABAAEAAEABAAEAAAABAAEAAEABAAEAAAABAAEAAEABAAEAAAABAAEAAEABAAEAAAABAAEAAEABAAEAAAABAAEAAEABAAEAAAABAAEAAEABAAEAAAABAAEAAEABAAEAAAABAAEAAEABAAEAAAABAAEAAEABAAEAAAABAAEAAEABAAEAAAABAAEAAEABAAEAAAABAAEAAEABAAEAAAABAAEAAEABAAEAAAABAAEAAEABAAEAAAAB"
13,claude,"Here is the SVG code to recreate the 400x400 px design:

<svg xmlns=""http://www.w3.org/2000/svg"" viewBox=""0 0 400 400"">
  <rect width=""400"" height=""400"" fill=""#f2f2f2""/>
  
  <text x=""50%"" y=""50%"" dominant-baseline=""middle"" text-anchor=""middle"" font-family=""Arial, sans-serif"" font-size=""36"" font-weight=""bold"" fill=""#ff69b4"">
    Emcee Rank Aboa
  </text>
</svg>

This SVG code does the following:

1. Defines an SVG viewport that is 400x400 pixels using the viewBox attribute.

2. Draws a light gray (#f2f2f2) rectangle that fills the entire 400x400 area to serve as the background. 

3. Adds the ""Emcee Rank Aboa"" text centered both horizontally and vertically in the middle of the SVG using the x, y, dominant-baseline and text-anchor attributes on the <text> element.

4. Styles the text using a 36px bold Arial font and colors it hot pink (#ff69b4).

The result is a simple SVG that matches the layout and styling of the provided reference image. Let me know if you have any other questions!"
13,gpt4,"```xml
<svg width=""400"" height=""400"" xmlns=""http://www.w3.org/2000/svg"">
  <defs>
    <linearGradient id=""grad1"" x1=""0%"" y1=""0%"" x2=""100%"" y2=""100%"">
      <stop offset=""0%"" style=""stop-color:rgb(255,192,203);stop-opacity:1"" />
      <stop offset=""100%"" style=""stop-color:rgb(255,255,224);stop-opacity:1"" />
    </linearGradient>
  </defs>
  <rect width=""400"" height=""400"" fill=""url(#grad1)"" />
  <text x=""20"" y=""100"" font-family=""Georgia"" font-size=""30"" fill=""teal"">
    Of Emcee Rank Aboar
  </text>
</svg>
```"
14,claude,"Here is the SVG code to recreate the 400x400 pixel design:

<svg xmlns=""http://www.w3.org/2000/svg"" viewBox=""0 0 400 400"">
  <rect width=""400"" height=""400"" fill=""#fff""/>
  
  <circle cx=""200"" cy=""200"" r=""150"" fill=""#f0f0f0""/>
  
  <path d=""M200,50 Q50,200 200,350 Q350,200 200,50"" fill=""none"" stroke=""#333"" stroke-width=""8""/>
  
  <circle cx=""200"" cy=""200"" r=""8"" fill=""#333""/>
  
  <circle cx=""125"" cy=""200"" r=""8"" fill=""#333""/>
  
  <circle cx=""275"" cy=""200"" r=""8"" fill=""#333""/>
</svg>

To explain:
- The outermost <svg> element has a viewBox set to the 400x400 pixel dimensions
- A white <rect> is used as the background 
- A light gray <circle> is placed in the center for the main circular shape
- The curved line is drawn with a <path> using quadratic Bezier curves, with a dark gray stroke
- The 3 small circles are placed using <circle> elements filled with the same dark gray

This produces a simple, clean SVG recreation of the minimalist design in the reference image. Let me know if you would like any adjustments or have additional questions!"
14,gpt4,"```xml
<svg width=""400"" height=""400"" xmlns=""http://www.w3.org/2000/svg"">
  <rect width=""400"" height=""400"" fill=""#f5efff""/>
  <text x=""50%"" y=""50%"" dominant-baseline=""middle"" text-anchor=""middle"" font-family=""Georgia, serif"" font-size=""24"" fill=""#f8e9ff"">
    Homeric Bracken E
  </text>
</svg>
```"
15,claude,"Here is the SVG code to recreate the 400x400 pixel design:

<svg xmlns=""http://www.w3.org/2000/svg"" viewBox=""0 0 400 400"">
  
  <!-- Green background -->
  <rect width=""400"" height=""400"" fill=""#008000""/>
  
  <!-- Purple text -->
  <text x=""50%"" y=""50%"" dominant-baseline=""middle"" text-anchor=""middle"" font-family=""sans-serif"" font-size=""24px"" fill=""#800080"">
    Upgrade your performance
  </text>
  
</svg>

This SVG contains:

1. A <rect> element that fills the entire 400x400 area with the green background color (#008000).

2. A <text> element centered both horizontally and vertically that displays the ""Upgrade your performance"" text. 
   - x=""50%"" y=""50%"" centers the text
   - dominant-baseline=""middle"" vertically centers the text
   - text-anchor=""middle"" horizontally centers the text
   - font-family sets a sans-serif font
   - font-size=""24px"" sets the text size
   - fill=""#800080"" makes the text purple

The viewBox attribute allows the SVG to scale to any size while maintaining its aspect ratio."
15,gpt4,"```xml
<svg width=""400"" height=""400"" xmlns=""http://www.w3.org/2000/svg"">
  <rect width=""400"" height=""400"" fill=""#1B4D3E""/>
  <text x=""20"" y=""100"" font-family=""serif"" font-size=""24"" fill=""#4B0082"">mccabe coo pertinaci</text>
</svg>
```"
16,claude,"Here is the SVG code to recreate the 400x400 pixel design:

<svg xmlns=""http://www.w3.org/2000/svg"" viewBox=""0 0 400 400"">
  <rect width=""400"" height=""400"" fill=""#008148""/>
  
  <text x=""50%"" y=""50%"" dominant-baseline=""middle"" text-anchor=""middle"" font-family=""Arial, sans-serif"" font-size=""28"" font-weight=""bold"" fill=""#FFFFFF"">
    Apocrypha Oct Allergy
  </text>
  
  <text x=""50%"" y=""62%"" dominant-baseline=""middle"" text-anchor=""middle"" font-family=""Arial, sans-serif"" font-size=""20"" fill=""#FFFFFF"">
    Dental Omega Dept.
  </text>
</svg>

The key aspects:

- Used a 400x400 viewBox to match the pixel dimensions
- Drew a green rectangle as the background using the fill color #008148
- Added the top text ""Apocrypha Oct Allergy"" centered horizontally and vertically, white, bold, 28px Arial font
- Added the bottom text ""Dental Omega Dept."" centered horizontally, positioned 12% below the center vertically, white, regular weight, 20px Arial font
- Set text-anchor to middle and dominant-baseline to middle for easy centering
- Specified the Arial font family with sans-serif fallback

This produces a vector SVG that matches the design and dimensions of the original PNG image. The text will scale smoothly if the SVG is resized."
16,gpt4,"```xml
<svg width=""400"" height=""400"" xmlns=""http://www.w3.org/2000/svg"">
  <!-- Background -->
  <rect width=""400"" height=""400"" fill=""#2E4D44"" />
  
  <!-- Text -->
  <text x=""50%"" y=""30%"" font-family=""Arial"" font-size=""24"" fill=""white"" text-anchor=""middle"">
    Apocrypha Oct Allergy
  </text>
  <text x=""50%"" y=""38%"" font-family=""Arial"" font-size=""14"" fill=""white"" text-anchor=""middle"">
    Faithful Canoga Dent.
  </text>
</svg>
```"
17,claude,"Here is the SVG code to recreate the 400x400 pixel text design:

<svg xmlns=""http://www.w3.org/2000/svg"" viewBox=""0 0 400 400"" width=""400"" height=""400"">
  <rect width=""100%"" height=""100%"" fill=""#1E1E1E""/>
  
  <text x=""50%"" y=""90"" font-size=""24"" font-family=""sans-serif"" fill=""#A6E22E"" text-anchor=""middle"">
    calculus congruent
  </text>
  <text x=""50%"" y=""130"" font-size=""24"" font-family=""sans-serif"" fill=""#A6E22E"" text-anchor=""middle"">
    truckload
  </text>
  <text x=""50%"" y=""170"" font-size=""24"" font-family=""sans-serif"" fill=""#F92672"" text-anchor=""middle"">
    Albuquerque 
  </text>
  <text x=""50%"" y=""210"" font-size=""24"" font-family=""sans-serif"" fill=""#F92672"" text-anchor=""middle"">
    approximant
  </text>
  <text x=""50%"" y=""270"" font-size=""32"" font-family=""sans-serif"" fill=""#66D9EF"" text-anchor=""middle"">
    Debonair Shape?
  </text>
</svg>

Key aspects:

- Used a 400x400 viewBox and matching width/height to get the 400x400 pixel size
- Set a dark gray (#1E1E1E) background rectangle filling the entire SVG
- Used <text> elements for each line of text
- Positioned each <text> using x=""50%"" for horizontal centering and a y value to vertically space the lines
- Set font sizes to 24px for the body text and 32px for the larger bottom text 
- Used fill colors #A6E22E (green), #F92672 (pink), and #66D9EF (blue) to match the design
- Set text-anchor=""middle"" to center-align the text horizontally

Let me know if you have any other questions!"
17,gpt4,"```xml
<svg width=""400"" height=""400"" xmlns=""http://www.w3.org/2000/svg"">
  <rect width=""400"" height=""400"" fill=""#1a1e27"" />
  <text x=""50%"" y=""30%"" text-anchor=""middle"" fill=""none"" stroke=""#d8a0a0"" stroke-width=""1"" font-size=""30"" font-family=""Georgia"" dy="".3em"">
    calculus congruent
  </text>
  <text x=""50%"" y=""40%"" text-anchor=""middle"" fill=""none"" stroke=""#d8a0a0"" stroke-width=""1"" font-size=""30"" font-family=""Georgia"" dy="".3em"">
    truckload
  </text>
  <text x=""50%"" y=""50%"" text-anchor=""middle"" fill=""none"" stroke=""#d8a0a0"" stroke-width=""1"" font-size=""30"" font-family=""Georgia"" dy="".3em"">
    Albuquerque
  </text>
  <text x=""50%"" y=""60%"" text-anchor=""middle"" fill=""none"" stroke=""#d8a0a0"" stroke-width=""1"" font-size=""30"" font-family=""Georgia"" dy="".3em"">
    approximant.
  </text>
  <text x=""50%"" y=""70%"" text-anchor=""middle"" fill=""#1a4f8b"" font-size=""30"" font-family=""Georgia"" dy="".3em"">
    Debonair Shape?
  </text>
</svg>
```"
18,claude,"Here is the SVG code to recreate the 400x400 pixel design:

<svg xmlns=""http://www.w3.org/2000/svg"" viewBox=""0 0 400 400"">
  <defs>
    <linearGradient id=""grad"" x1=""0%"" y1=""0%"" x2=""0%"" y2=""100%"">
      <stop offset=""0%"" style=""stop-color:#ff0080;stop-opacity:1"" />
      <stop offset=""100%"" style=""stop-color:#ff80c0;stop-opacity:1"" />
    </linearGradient>
  </defs>
  
  <rect width=""400"" height=""400"" fill=""url(#grad)"" />
  
  <g transform=""translate(175 175)"">
    <rect x=""-25"" y=""-25"" width=""50"" height=""50"" fill=""black"" />
    <rect x=""-20"" y=""-20"" width=""40"" height=""40"" fill=""#ff80c0"" />
    <rect x=""-25"" y=""0"" width=""15"" height=""25"" fill=""black"" />
    <rect x=""10"" y=""0"" width=""15"" height=""25"" fill=""black"" />
    <rect x=""-10"" y=""-25"" width=""20"" height=""15"" fill=""black"" />
  </g>
</svg>

Key aspects:

- Uses a linear gradient fill for the background rectangle going from #ff0080 to #ff80c0 from top to bottom
- Defines a <g> group for the icon that is translated to the center (175, 175)
- The outer black square is 50x50, centered at the origin 
- The inner pink square is 40x40, inset by 5px on each side
- The bottom two black rectangles are 15x25 each, separated by 20px
- The top black rectangle is 20x15, centered horizontally

This produces a vector version of the pixelated icon design that will scale to any size. Let me know if you have any other questions!"
18,gpt4,"Here is the SVG code to recreate the design:

```xml
<svg width=""400"" height=""400"" xmlns=""http://www.w3.org/2000/svg"">
  <!-- Gradient Background -->
  <defs>
    <linearGradient id=""grad1"" x1=""0%"" y1=""0%"" x2=""100%"" y2=""100%"">
      <stop offset=""0%"" style=""stop-color:rgb(176,196,222);stop-opacity:1"" />
      <stop offset=""100%"" style=""stop-color:rgb(255,20,147);stop-opacity:1"" />
    </linearGradient>
  </defs>
  <rect width=""400"" height=""400"" fill=""url(#grad1)"" />

  <!-- Overlapping Squares -->
  <rect x=""280"" y=""280"" width=""40"" height=""40"" stroke=""black"" fill=""none"" stroke-width=""3""/>
  <rect x=""290"" y=""290"" width=""40"" height=""40"" stroke=""black"" fill=""none"" stroke-width=""3""/>

  <!-- Circle with Lines -->
  <circle cx=""340"" cy=""340"" r=""20"" stroke=""black"" fill=""none"" stroke-width=""3""/>
  <line x1=""330"" y1=""330"" x2=""350"" y2=""350"" stroke=""black"" stroke-width=""3""/>
  <line x1=""340"" y1=""320"" x2=""340"" y2=""360"" stroke=""black"" stroke-width=""3""/>
  <line x1=""320"" y1=""340"" x2=""360"" y2=""340"" stroke=""black"" stroke-width=""3""/>
</svg>
```

This code creates a 400x400 SVG with a gradient background and the specified shapes in the bottom right corner."
19,claude,"Here is the SVG code to recreate the 400x400 pixel text design:

<svg xmlns=""http://www.w3.org/2000/svg"" viewBox=""0 0 400 400"" width=""400"" height=""400"">
  <style>
    text {
      font-family: Arial, sans-serif;
      font-size: 16px;
    }
  </style>
  
  <rect width=""100%"" height=""100%"" fill=""black""/>
  
  <text x=""50%"" y=""40%"" dominant-baseline=""middle"" text-anchor=""middle"" fill=""white"">
    HILLY DO EXPONENT MENDELSSOHN, BLAME
  </text>
  
  <text x=""50%"" y=""50%"" dominant-baseline=""middle"" text-anchor=""middle"" fill=""white"">
    ORATORIO PROJECT
  </text>
  
  <text x=""50%"" y=""60%"" dominant-baseline=""middle"" text-anchor=""middle"" fill=""white"">
    Ladadadadee Doodoomit's Germs Cobalt Stinkbug
  </text>
  
  <text x=""50%"" y=""70%"" dominant-baseline=""middle"" text-anchor=""middle"" fill=""white"">
    Maudlin.com Sip and Gargoyle Brix Cheap.
  </text>
</svg>

The key aspects:

- Set the SVG viewBox and width/height to 400x400 px
- Define a default text style with Arial font and 16px size 
- Draw a black rectangle covering the full background
- Position each line of text centered horizontally (text-anchor=""middle"") and vertically (dominant-baseline=""middle"") 
- Set the fill color of the text to white
- Adjust the y position of each text element to vertically space out the lines

This produces a simple SVG rendering of the text design with the specified layout and styling. Let me know if you have any other questions!"
19,gpt4,"```xml
<svg width=""400"" height=""400"" xmlns=""http://www.w3.org/2000/svg"">
  <rect width=""400"" height=""400"" fill=""#0c0f19"" />
  <text x=""20"" y=""40"" font-family=""Arial"" font-size=""14"" fill=""#d1d5db"">
    HILLY DO EXPONENT MENDELSSOHN, BLAME
  </text>
  <text x=""20"" y=""60"" font-family=""Arial"" font-size=""14"" fill=""#d1d5db"">
    ORATORIO FROZE?
  </text>
  <text x=""20"" y=""90"" font-family=""Cursive"" font-size=""14"" fill=""#d1d5db"" font-style=""italic"">
    Indefinable Dactylate Jerome Cobalt Sindology
  </text>
  <text x=""20"" y=""110"" font-family=""Cursive"" font-size=""14"" fill=""#d1d5db"" font-style=""italic"">
    Anachronism Spiral Carnegie Erik Clang.
  </text>
</svg>
```"
20,claude,"Here is the SVG code to recreate that 400x400 px gradient design:

<svg xmlns=""http://www.w3.org/2000/svg"" viewBox=""0 0 400 400"">
  <defs>
    <linearGradient id=""grad1"" x1=""0%"" y1=""0%"" x2=""100%"" y2=""0%"">
      <stop offset=""0%"" style=""stop-color:#8A2BE2;stop-opacity:1"" />
      <stop offset=""100%"" style=""stop-color:#EE82EE;stop-opacity:1"" />
    </linearGradient>
  </defs>
  <rect width=""400"" height=""400"" fill=""url(#grad1)"" />
</svg>

The key aspects:

- Set the SVG viewBox to 400x400 to match the desired dimensions 
- Define a linear gradient that goes from left-to-right using the x1/y1 and x2/y2 attributes
- The gradient starts with a dark purple (#8A2BE2) and ends with a lighter violet (#EE82EE)
- Fill the entire SVG rectangle with the defined gradient using fill=""url(#grad1)""

This produces a smooth linear gradient going from the dark purple on the left to the lighter violet on the right, matching the provided design. The SVG will scale to fit whatever size container it is placed in."
20,gpt4,"```xml
<svg width=""400"" height=""400"" xmlns=""http://www.w3.org/2000/svg"">
  <defs>
    <linearGradient id=""gradient"" x1=""0%"" y1=""0%"" x2=""100%"" y2=""100%"">
      <stop offset=""0%"" style=""stop-color:rgb(64,32,0);stop-opacity:1"" />
      <stop offset=""25%"" style=""stop-color:rgb(128,0,255);stop-opacity:1"" />
      <stop offset=""50%"" style=""stop-color:rgb(255,255,255);stop-opacity:1"" />
      <stop offset=""75%"" style=""stop-color:rgb(128,0,255);stop-opacity:1"" />
      <stop offset=""100%"" style=""stop-color:rgb(32,0,64);stop-opacity:1"" />
    </linearGradient>
  </defs>
  <rect width=""400"" height=""400"" fill=""url(#gradient)"" />
</svg>
```"
21,claude,"Here is the SVG code to recreate the 400x400 pixel design:

<svg xmlns=""http://www.w3.org/2000/svg"" viewBox=""0 0 400 400"">
  <rect x=""0"" y=""0"" width=""200"" height=""400"" fill=""#556B2F""/>
  <rect x=""200"" y=""0"" width=""200"" height=""400"" fill=""#A0522D""/>
</svg>

The key aspects:

- Set the SVG viewBox to ""0 0 400 400"" to match the 400x400 pixel size
- Draw two <rect> elements, each 200 pixels wide and 400 pixels tall
- Position the first rectangle at x=""0"" y=""0"" and fill it with the dark olive green color #556B2F
- Position the second rectangle at x=""200"" y=""0"" and fill it with the sienna brown color #A0522D

This produces a simple SVG that exactly recreates the split color design in the provided reference image."
21,gpt4,"```xml
<svg width=""400"" height=""400"" xmlns=""http://www.w3.org/2000/svg"">
  <!-- Left rectangle -->
  <rect x=""0"" y=""0"" width=""200"" height=""400"" fill=""#3d3915"" />
  <!-- Right rectangle -->
  <rect x=""200"" y=""0"" width=""200"" height=""400"" fill=""#8b5a44"" />
</svg>
```"
22,claude,"Here is the SVG code to recreate the 400x400 pixel image:

<svg xmlns=""http://www.w3.org/2000/svg"" viewBox=""0 0 400 400"">
  
  <rect width=""400"" height=""400"" fill=""#000""/>
  
  <text x=""50%"" y=""50%"" dominant-baseline=""middle"" text-anchor=""middle"" font-family=""Arial, sans-serif"" font-size=""32"" fill=""#0F0"">
    stinctual Bose subsist
  </text>

</svg>

This SVG does the following:

1. Defines the SVG viewport to be 400x400 pixels using the viewBox attribute.

2. Draws a black rectangle that fills the entire 400x400 area using a <rect> element. 

3. Renders the text ""stinctual Bose subsist"" centered both horizontally and vertically using a <text> element:
   - x=""50%"" y=""50%"" centers the text 
   - dominant-baseline=""middle"" vertically centers the text
   - text-anchor=""middle"" horizontally centers the text
   - font-family sets the font to Arial
   - font-size sets the text size to 32px
   - fill sets the text color to bright green (#0F0)

So this SVG reproduces the key elements of the original image - the black background, centered bright green text, font, and approximate text size. Let me know if you have any other questions!"
22,gpt4,"```xml
<svg width=""400"" height=""400"" xmlns=""http://www.w3.org/2000/svg"">
  <rect width=""400"" height=""400"" fill=""black"" />
  <text x=""50%"" y=""50%"" dominant-baseline=""middle"" text-anchor=""middle"" fill=""#e6ffee"" font-size=""24"" font-family=""Arial"">
    Instinctual Bose subsist
  </text>
</svg>
```"
23,claude,"Here is the SVG code to recreate the 400x400 px design:

<svg xmlns=""http://www.w3.org/2000/svg"" viewBox=""0 0 400 400"">
  
  <!-- Purple background -->
  <rect width=""400"" height=""400"" fill=""#d8bfd8""/>
  
  <!-- Fog/mist effect using a white to transparent gradient -->
  <linearGradient id=""fog-gradient"" x1=""0%"" y1=""70%"" x2=""0%"" y2=""100%"">
    <stop offset=""0%"" stop-color=""white"" stop-opacity=""0.8""/>
    <stop offset=""100%"" stop-color=""white"" stop-opacity=""0""/>
  </linearGradient>
  
  <rect width=""400"" height=""400"" fill=""url(#fog-gradient)""/>

</svg>

The key aspects:

1. The viewBox is set to 400x400 to match the target dimensions.

2. The purple background is created with a <rect> element filled with the color #d8bfd8. 

3. To create the fog/mist effect, a <linearGradient> is defined that transitions from 80% opaque white at the 70% mark to fully transparent white at the bottom. 

4. This gradient is applied to another <rect> that covers the entire viewBox, overlaying the fog on top of the purple background.

The gradient positioning and opacity can be adjusted to fine-tune the fog effect to match the reference image. But this SVG code captures the essential elements of the simple misty purple design."
23,gpt4,"To recreate the design in SVG, you can use the following code. This code sets a purple background and places an image in the bottom right corner.

```xml
<svg width=""400"" height=""400"" xmlns=""http://www.w3.org/2000/svg"">
  <!-- Background -->
  <rect width=""400"" height=""400"" fill=""#c39bd3"" />
  
  <!-- Image -->
  <image href=""https://via.placeholder.com/100"" x=""300"" y=""300"" width=""100"" height=""100"" />
</svg>
```

Replace the `href` attribute in the `<image>` tag with the URL of your desired image."
24,claude,"Here is the SVG code to recreate the 400x400 pixel circular image:

<svg xmlns=""http://www.w3.org/2000/svg"" viewBox=""0 0 400 400"">
  <defs>
    <radialGradient id=""bg-gradient"" cx=""50%"" cy=""50%"" r=""50%"" fx=""50%"" fy=""50%"">
      <stop offset=""0%"" stop-color=""#805020""/>
      <stop offset=""100%"" stop-color=""#402810""/>
    </radialGradient>
    <radialGradient id=""glow"" cx=""50%"" cy=""50%"" r=""50%"" fx=""50%"" fy=""50%"">
      <stop offset=""0%"" stop-color=""#fff"" stop-opacity=""0.8""/>
      <stop offset=""100%"" stop-color=""#fff"" stop-opacity=""0""/>
    </radialGradient>
  </defs>
  
  <circle cx=""200"" cy=""200"" r=""200"" fill=""url(#bg-gradient)""/>
  
  <circle cx=""280"" cy=""120"" r=""40"" fill=""#C0C0A0"" opacity=""0.8""/>
  <circle cx=""280"" cy=""120"" r=""35"" fill=""#fff"" opacity=""0.3""/>
  
  <path d=""M200,380 Q210,350 220,200 T180,20 Q190,50 200,20"" fill=""none"" stroke=""#603018"" stroke-width=""5""/>
  <path d=""M200,380 Q190,350 180,200 T220,20 Q210,50 200,20"" fill=""none"" stroke=""#784028"" stroke-width=""4""/>
  
  <circle cx=""200"" cy=""200"" r=""195"" fill=""none"" stroke=""url(#glow)"" stroke-width=""10"" opacity=""0.8""/>
</svg>

This uses:

- A radial gradient for the brown circular background
- A light circle for the moon in the upper right 
- Two curved paths for the brown streaks across the circle
- Another radial gradient for the subtle white glow around the edge

The key aspects are using a circular viewBox, radial gradients for the shading effects, quadratic Bezier curves for the paths, and layered semi-transparent shapes. Let me know if you have any other questions!"
24,gpt4,"To recreate the design using SVG, you can use the following code. This code includes a dark background and a circular clipping mask for the image.

```xml
<svg width=""400"" height=""400"" xmlns=""http://www.w3.org/2000/svg"">
  <!-- Background -->
  <rect width=""400"" height=""400"" fill=""#0A1C18"" />
  
  <!-- Circle with image -->
  <defs>
    <clipPath id=""circleClip"">
      <circle cx=""150"" cy=""150"" r=""100"" />
    </clipPath>
  </defs>
  
  <image href=""https://via.placeholder.com/300"" x=""50"" y=""50"" width=""200"" height=""200"" clip-path=""url(#circleClip)"" />
</svg>
```

Replace `https://via.placeholder.com/300` with the URL of your image. Adjust the `cx`, `cy`, and `r` values in the `circle` element to position and size the circle as needed."
25,claude,"Here is the SVG code to recreate the 400x400 pixel design:

<svg xmlns=""http://www.w3.org/2000/svg"" viewBox=""0 0 400 400"">
  
  <rect width=""400"" height=""400"" fill=""#9c27b0""/>
  
  <text x=""50%"" y=""40%"" dominant-baseline=""middle"" text-anchor=""middle"" font-family=""sans-serif"" font-size=""24"" fill=""#fff"">
    schurze potestan dawdle gonhard duffie nitty
  </text>
  
  <text x=""50%"" y=""60%"" dominant-baseline=""middle"" text-anchor=""middle"" font-family=""sans-serif"" font-size=""36"" font-weight=""bold"" fill=""#8bc34a"">
    gonad problematic notate
  </text>
  
  <text x=""97%"" y=""97%"" dominant-baseline=""bottom"" text-anchor=""end"" font-family=""sans-serif"" font-size=""24"" fill=""#fff"">
    wig
  </text>
  
</svg>

The key aspects:

- 400x400 viewBox to match the pixel dimensions
- Purple (#9c27b0) rectangle background filling the entire area
- White top text centered at 40% down 
- Larger green (#8bc34a) middle text centered at 60% down
- White ""wig"" text anchored to the bottom right corner

I used percentages for positioning so it scales properly at different sizes. The font sizes, weights and families visually match the original image."
25,gpt4,"```xml
<svg width=""400"" height=""400"" xmlns=""http://www.w3.org/2000/svg"">
  <!-- Background -->
  <rect width=""400"" height=""400"" fill=""#8a1c8c"" />
  
  <!-- Small text at the top -->
  <text x=""200"" y=""20"" font-family=""Arial"" font-size=""10"" fill=""#b3b3b3"" text-anchor=""middle"">
    exhume pittston dawdle gerhardt duffel nitty.
  </text>
  
  <!-- Larger text -->
  <text x=""20"" y=""80"" font-family=""Arial"" font-size=""30"" fill=""#3cb3e3"">
    gonad problematic notate
  </text>
  
  <text x=""300"" y=""120"" font-family=""Arial"" font-size=""30"" fill=""#3cb3e3"">
    wig
  </text>
</svg>
```"
26,claude,"Here is the SVG code to recreate the 400x400 px design:

<svg xmlns=""http://www.w3.org/2000/svg"" viewBox=""0 0 400 400"">
  <rect width=""400"" height=""400"" fill=""#9B59B6""/>
  
  <circle cx=""200"" cy=""200"" r=""80"" fill=""none"" stroke=""white"" stroke-width=""15""/>
  
  <path d=""M 200 120 L 215 180 L 185 180 Z"" fill=""white""/>
  <circle cx=""200"" cy=""200"" r=""10"" fill=""white""/>
  <path d=""M 200 280 L 215 220 L 185 220 Z"" fill=""white""/>
</svg>

This SVG includes:

1. A purple rectangle that fills the entire 400x400 px canvas.

2. A white outlined circle centered in the middle with a radius of 80 px and a stroke width of 15 px. 

3. A white upward pointing triangle centered above the circle, created using a <path> element.

4. A small white circle in the very center with a radius of 10 px.

5. A white downward pointing triangle centered below the circle, also created with a <path>.

The triangles are drawn by specifying the coordinates for three points that get connected into the triangle shape. The circle outlines and fills are achieved by setting the appropriate fill and stroke attributes.

Let me know if you would like me to modify or expand the SVG code in any way!"
26,gpt4,"Here's the SVG code to recreate the design:

```xml
<svg width=""400"" height=""400"" xmlns=""http://www.w3.org/2000/svg"">
  <!-- Background -->
  <rect width=""400"" height=""400"" fill=""#5A2D5C"" />

  <!-- Letter P -->
  <circle cx=""80"" cy=""120"" r=""20"" stroke=""#C0B7C1"" stroke-width=""3"" fill=""none"" />
  <line x1=""80"" y1=""120"" x2=""80"" y2=""160"" stroke=""#C0B7C1"" stroke-width=""3"" />

  <!-- Dots -->
  <circle cx=""280"" cy=""200"" r=""3"" fill=""#000000"" />
  <circle cx=""300"" cy=""200"" r=""3"" fill=""#000000"" />
  <circle cx=""320"" cy=""200"" r=""3"" fill=""#000000"" />
  <circle cx=""280"" cy=""220"" r=""3"" fill=""#000000"" />
  <circle cx=""300"" cy=""220"" r=""3"" fill=""#000000"" />
  <circle cx=""320"" cy=""220"" r=""3"" fill=""#000000"" />
  <circle cx=""280"" cy=""240"" r=""3"" fill=""#000000"" />
  <circle cx=""300"" cy=""240"" r=""3"" fill=""#000000"" />
  <circle cx=""320"" cy=""240"" r=""3"" fill=""#000000"" />
</svg>
```

This code creates a 400x400 pixel SVG with a purple background, a stylized ""P"" on the left, and a grid of dots on the right."
27,claude,"Here is the SVG code to recreate the 400x400 pixel design:

<svg xmlns=""http://www.w3.org/2000/svg"" viewBox=""0 0 400 400"">
  <rect width=""400"" height=""400"" fill=""#89CFF0""/>
  
  <text x=""50%"" y=""25%"" dominant-baseline=""middle"" text-anchor=""middle"" font-family=""Helvetica, Arial, sans-serif"" font-size=""18px"" fill=""#000"">
    'intricacy incredulous.'
  </text>
  
  <text x=""50%"" y=""40%"" dominant-baseline=""middle"" text-anchor=""middle"" font-family=""Helvetica, Arial, sans-serif"" font-size=""36px"" font-weight=""bold"" fill=""#000"">
    ANTAGONISM
  </text>

  <text x=""50%"" y=""55%"" dominant-baseline=""middle"" text-anchor=""middle"" font-family=""Helvetica, Arial, sans-serif"" font-size=""36px"" font-weight=""bold"" fill=""#000"">  
    LIZARD REFERENT
  </text>

  <text x=""50%"" y=""70%"" dominant-baseline=""middle"" text-anchor=""middle"" font-family=""Helvetica, Arial, sans-serif"" font-size=""36px"" font-weight=""bold"" fill=""#000"">
    CARRYOVER?
  </text>
</svg>

The key aspects:

- 400x400 viewBox on the SVG element 
- Light blue background rectangle filling the entire area
- Text elements positioned using percentage x/y coordinates and centered with text-anchor/dominant-baseline
- Helvetica/Arial font family 
- Different font sizes and weights to match the original
- Black text color

This produces a vector graphic that matches the layout and styling of the provided design. Let me know if you have any other questions!"
27,gpt4,"```xml
<svg width=""400"" height=""400"" xmlns=""http://www.w3.org/2000/svg"">
  <!-- Background -->
  <rect width=""400"" height=""400"" fill=""#b7c1b3"" />
  
  <!-- Text -->
  <text x=""50%"" y=""20%"" font-family=""Arial"" font-size=""16"" fill=""#2ca9c7"" text-anchor=""middle"">
    'Intricacy incredulous.'
  </text>
  <text x=""50%"" y=""40%"" font-family=""Arial"" font-size=""24"" fill=""#2ca9c7"" text-anchor=""middle"" font-weight=""bold"">
    ANTAGONISM
  </text>
  <text x=""50%"" y=""50%"" font-family=""Arial"" font-size=""24"" fill=""#2ca9c7"" text-anchor=""middle"" font-weight=""bold"">
    LIZARD REFERENT
  </text>
  <text x=""50%"" y=""60%"" font-family=""Arial"" font-size=""24"" fill=""#2ca9c7"" text-anchor=""middle"" font-weight=""bold"">
    CARRYOVER?
  </text>
</svg>
```"
28,claude,"Here is the SVG code to recreate the 400x400 pixel design:

<svg xmlns=""http://www.w3.org/2000/svg"" viewBox=""0 0 400 400"">
  <rect width=""400"" height=""400"" fill=""#008000""/>
  
  <text x=""50%"" y=""40%"" dominant-baseline=""middle"" text-anchor=""middle"" font-family=""sans-serif"" font-size=""24"" fill=""#FFFFFF"">
    Saponify quanta
  </text>
  <text x=""50%"" y=""50%"" dominant-baseline=""middle"" text-anchor=""middle"" font-family=""sans-serif"" font-size=""24"" fill=""#FFFFFF"">
    dionysian
  </text>
  <text x=""50%"" y=""60%"" dominant-baseline=""middle"" text-anchor=""middle"" font-family=""sans-serif"" font-size=""24"" fill=""#FFFFFF"">
    baseboard
  </text>
  <text x=""50%"" y=""70%"" dominant-baseline=""middle"" text-anchor=""middle"" font-family=""sans-serif"" font-size=""24"" fill=""#FFFFFF"">
    cranford.
  </text>
  
  <text x=""50%"" y=""90%"" dominant-baseline=""middle"" text-anchor=""middle"" font-family=""sans-serif"" font-size=""14"" fill=""#FFFFFF"">
    ""Flagrant cliche is often unintentional humor. Inflated diction is unintended burlesque.""
  </text>
</svg>

Key aspects:

- Used a 400x400 viewBox to match the pixel dimensions
- Green background rectangle fills the entire SVG
- Centered the text horizontally using text-anchor=""middle"" and x=""50%"" 
- Vertically positioned the text using y=""40%"", y=""50%"", etc. with dominant-baseline=""middle""
- White sans-serif text to match the style, with 24px font size for the title words
- Wrapped the quote in a <text> element at the bottom with 14px font size

Let me know if you would like any adjustments to the SVG!"
28,gpt4,"Here's the SVG code to recreate the design:

```xml
<svg width=""400"" height=""400"" xmlns=""http://www.w3.org/2000/svg"">
  <rect width=""400"" height=""400"" fill=""#008000""/>
  <text x=""50%"" y=""40%"" font-family=""Arial"" font-size=""24"" fill=""rgba(255, 255, 255, 0.3)"" text-anchor=""middle"">
    <tspan x=""50%"" dy=""1.2em"">Saponify quanta</tspan>
    <tspan x=""50%"" dy=""1.2em"">dionysian</tspan>
    <tspan x=""50%"" dy=""1.2em"">baseboard</tspan>
    <tspan x=""50%"" dy=""1.2em"">cranford.</tspan>
  </text>
  <text x=""50%"" y=""70%"" font-family=""Arial"" font-size=""12"" fill=""black"" text-anchor=""middle"">
    ""Flagpole chase readout, bottlecap absentminded wotan
    <tspan x=""50%"" dy=""1.2em"">influent dominick embroider belligerent.""</tspan>
  </text>
</svg>
```

This code creates a green background and places the text in the center with the specified styles."
29,claude,"Here is the SVG code to recreate the 400x400 pixel design:

<svg xmlns=""http://www.w3.org/2000/svg"" viewBox=""0 0 400 400"">
  <defs>
    <radialGradient id=""gradient"" cx=""50%"" cy=""50%"" r=""50%"" fx=""50%"" fy=""50%"">
      <stop offset=""0%"" style=""stop-color:#C1272D""/>
      <stop offset=""100%"" style=""stop-color:#8F1D21""/>
    </radialGradient>
    
    <filter id=""blur"">
      <feGaussianBlur stdDeviation=""10""/>
    </filter>
  </defs>
  
  <circle cx=""200"" cy=""200"" r=""200"" fill=""url(#gradient)"" />
  
  <g filter=""url(#blur)"">
    <path fill=""#FFF0A5"" d=""M130,100 Q200,50 270,100 A100,100 0 0,1 130,100 Z"" />
    <path fill=""#FFF0A5"" d=""M160,140 Q200,110 240,140 A60,60 0 0,1 160,140 Z"" />  
    <circle fill=""#8F1D21"" cx=""180"" cy=""120"" r=""20""/>
    <circle fill=""#8F1D21"" cx=""220"" cy=""120"" r=""20""/>
  </g>
</svg>

Key aspects:

- Uses a 400x400 viewBox to match the pixel dimensions
- Defines a radial gradient that transitions from a bright red in the center to a darker red on the edges to recreate the background
- Draws a circle with the radial gradient fill for the background
- Defines a blur filter to apply to the flower petals
- Uses quadratic bezier curves (Q) to draw the curved flower petals in an off-white color
- Positions two small dark red circles for the center of the flower
- Wraps the flower elements in a <g> tag to apply the blur filter

This produces a vector SVG that closely matches the original raster image. The blurred, abstract flower is recreated with curved paths and gradient colors against the circular red background."
29,gpt4,"To recreate the design using SVG, you can use a combination of a rectangle with rounded corners and a background image. Here's an example of how you can achieve this:

```xml
<svg width=""400"" height=""400"" xmlns=""http://www.w3.org/2000/svg"">
  <!-- Background color -->
  <rect width=""400"" height=""400"" fill=""#3A2F2F"" />
  
  <!-- Clipped image -->
  <defs>
    <clipPath id=""clip"">
      <rect x=""50"" y=""50"" width=""300"" height=""300"" rx=""150"" ry=""150"" />
    </clipPath>
  </defs>
  
  <image href=""https://via.placeholder.com/300"" x=""50"" y=""50"" width=""300"" height=""300"" clip-path=""url(#clip)"" />
</svg>
```

Replace `https://via.placeholder.com/300` with the URL of the image you want to use. The `clipPath` is used to create the rounded effect. Adjust the `rx` and `ry` values to change the roundness of the corners."
30,claude,"Here is the SVG code to recreate the 400x400 pixel design:

<svg xmlns=""http://www.w3.org/2000/svg"" viewBox=""0 0 400 400"">
  <defs>
    <linearGradient id=""grad1"" x1=""0%"" y1=""0%"" x2=""0%"" y2=""100%"">
      <stop offset=""0%"" style=""stop-color:#F5DEB3;stop-opacity:1"" />
      <stop offset=""100%"" style=""stop-color:#00008B;stop-opacity:1"" />
    </linearGradient>
  </defs>
  
  <rect x=""0"" y=""0"" width=""400"" height=""400"" fill=""url(#grad1)"" />
  
  <line x1=""0"" y1=""200"" x2=""400"" y2=""200"" stroke=""#FFA500"" stroke-width=""4"" />
</svg>

The key aspects:

1. The viewBox is set to ""0 0 400 400"" to match the 400x400 pixel size.

2. A <defs> section defines a vertical linear gradient fill that transitions from a wheat color (#F5DEB3) at the top to a dark blue (#00008B) at the bottom. 

3. A <rect> element is used to draw the background rectangle that fills the entire 400x400 area. It references the linear gradient fill.

4. A <line> element is used to draw the horizontal orange line across the center. It has a stroke color of #FFA500, a stroke width of 4px, and goes from (0,200) to (400,200) to span the width at the vertical midpoint.

This SVG code efficiently recreates the simple design using standard shapes and a gradient fill. The result is a vector graphic that will scale smoothly to any size."
30,gpt4,"```xml
<svg width=""400"" height=""400"" xmlns=""http://www.w3.org/2000/svg"">
  <!-- Top Rectangle -->
  <rect x=""0"" y=""0"" width=""400"" height=""200"" fill=""#b89bc9"" />
  
  <!-- Middle Line -->
  <rect x=""0"" y=""200"" width=""400"" height=""10"" fill=""#b87333"" />
  
  <!-- Bottom Gradient -->
  <rect x=""0"" y=""210"" width=""400"" height=""190"" fill=""url(#gradient)"" />
  
  <defs>
    <linearGradient id=""gradient"" x1=""0"" y1=""0"" x2=""0"" y2=""1"">
      <stop offset=""0%"" stop-color=""#0a4a8a"" />
      <stop offset=""100%"" stop-color=""#000000"" />
    </linearGradient>
  </defs>
</svg>
```"
31,claude,"Here is the SVG code to recreate the 400x400 px design:

<svg xmlns=""http://www.w3.org/2000/svg"" viewBox=""0 0 400 400"">
  <rect width=""400"" height=""400"" fill=""#c7e9f7""/>
  <circle cx=""200"" cy=""200"" r=""150"" fill=""none"" stroke=""#0c7bab"" stroke-width=""20""/>
  <line x1=""50"" y1=""200"" x2=""350"" y2=""200"" stroke=""#0c7bab"" stroke-width=""20""/>
  <line x1=""200"" y1=""50"" x2=""200"" y2=""350"" stroke=""#0c7bab"" stroke-width=""20""/>
</svg>

This SVG consists of:

1. A light blue rectangle (<rect>) for the background, filling the entire 400x400 px area.

2. A circle (<circle>) centered at (200,200) with a radius of 150 px. It has no fill, a dark blue stroke color (#0c7bab), and a stroke width of 20 px. 

3. Two perpendicular lines (<line>) that cross at the center, dividing the circle into quadrants. They have the same dark blue stroke color and 20 px stroke width as the circle.

The key aspects are the light blue background, the centered circle divided into 4 equal parts by the crossing lines, and the consistent dark blue color and thick 20 px weight used for the circle and dividing lines."
31,gpt4,"Here's the SVG code to recreate the design:

```xml
<svg width=""400"" height=""400"" xmlns=""http://www.w3.org/2000/svg"">
  <rect width=""400"" height=""400"" fill=""#b0c4c9""/>
  <circle cx=""200"" cy=""200"" r=""200"" fill=""#b0c4c9"" stroke=""#8a9ea3"" stroke-width=""1""/>
</svg>
```

This code creates a 400x400 pixel SVG with a light blue background and a slightly darker blue circle with a thin stroke."
